<?xml version="1.0" encoding="UTF-8" standalone="yes"?>
<addon id="repository.stqpro" name="stqpro's Add-on Repository" version="1.0" provider-name="stqpro">
    <extension point="xbmc.addon.repository" name="Example Repository">
        <dir>
            <info compressed="false">https://raw.githubusercontent.com/stqpro/repository.stqpro/master/repo/zips/addons.xml</info>
            <checksum>https://raw.githubusercontent.com/stqpro/repository.stqpro/master/repo/zips/addons.xml.md5</checksum>
            <datadir zip="true">https://raw.githubusercontent.com/stqpro/repository.stqpro/master/repo/zips/</datadir>
        </dir>
    </extension>
    <extension point="xbmc.addon.metadata">
        <summary>stqpro's Add-on Repository</summary>
        <description>Some small utils and reworks</description>
        <disclaimer></disclaimer>
        <platform>all</platform>
        <assets>
            <icon>icon.png</icon>
            <fanart>fanart.jpg</fanart>
        </assets>
    </extension>
</addon>